,Player,Total Z-Score,Rank,LaghezzaRank,RankDiff
0,Aaron Judge,45.17,1.0,3.0,-2.0
1,Trea Turner,13.16,2.0,4.0,-2.0
2,Ronald Acuna,14.06,3.0,1.0,2.0
3,Jose Ramirez,14.2,4.0,2.0,2.0
4,Julio Rodriguez,20.77,5.0,5.0,0.0
5,Juan Soto,17.15,6.0,18.0,-12.0
6,Kyle Tucker,14.44,7.0,6.0,1.0
7,Shohei Ohtani,23.77,8.0,9.0,-1.0
8,Mookie Betts,15.17,9.0,10.0,-1.0
9,Yordan Alvarez,28.93,10.0,8.0,2.0
10,Freddie Freeman,20.9,11.0,11.0,0.0
11,Vladimir Guerrero,11.74,12.0,15.0,-3.0
12,Corbin Burnes,0.0,13.0,20.0,-7.0
13,Manny Machado,16.94,14.0,12.0,2.0
14,Bobby Witt,11.21,15.0,7.0,8.0
15,Gerrit Cole,0.0,16.0,21.0,-5.0
16,Bo Bichette,11.74,17.0,34.0,-17.0
17,Pete Alonso,14.87,18.0,14.0,4.0
18,Fernando Tatis,0.0,19.0,19.0,0.0
19,Mike Trout,25.31,20.0,16.0,4.0
20,Paul Goldschmidt,22.49,21.0,33.0,-12.0
21,Rafael Devers,13.42,22.0,17.0,5.0
22,Austin Riley,17.98,23.0,13.0,10.0
23,Sandy Alcantara,0.0,24.0,25.0,-1.0
24,Jacob deGrom,0.0,25.0,24.0,1.0
25,Marcus Semien,8.75,26.0,39.0,-13.0
26,Michael Harris,13.67,27.0,37.0,-10.0
27,Jose Altuve,11.42,28.0,40.0,-12.0
28,Nolan Arenado,7.86,29.0,38.0,-9.0
29,Francisco Lindor,11.15,30.0,36.0,-6.0
30,Spencer Strider,0.0,31.0,26.0,5.0
31,Aaron Nola,0.0,32.0,27.0,5.0
32,Edwin Diaz,0.0,33.0,0.0,33.0
33,JT Realmuto,15.41,34.0,29.0,5.0
34,Shane McClanahan,0.0,35.0,22.0,13.0
35,Justin Verlander,0.0,36.0,55.0,-19.0
36,Emmanuel Clase,0.0,37.0,31.0,6.0
37,Randy Arozarena,9.7,38.0,41.0,-3.0
38,Brandon Woodruff,0.0,39.0,23.0,16.0
39,Max Scherzer,0.0,40.0,28.0,12.0
40,Matt Olson,12.78,41.0,71.0,-30.0
41,Kyle Schwarber,22.39,42.0,35.0,7.0
42,Dylan Cease,0.0,43.0,56.0,-13.0
43,Carlos Rodon,0.0,44.0,54.0,-10.0
44,Luis Robert,5.84,45.0,81.0,-36.0
45,Cedric Mullins,6.35,46.0,85.0,-39.0
46,Jazz Chisholm,12.18,47.0,76.0,-29.0
47,Ozzie Albies,-8.85,48.0,83.0,-35.0
48,Shane Bieber,0.0,49.0,63.0,-14.0
49,Alek Manoah,0.0,50.0,61.0,-11.0
50,Julio Urias,0.0,51.0,0.0,51.0
51,Josh Hader,0.0,52.0,32.0,20.0
52,Zack Wheeler,0.0,53.0,57.0,-4.0
53,Daulton Varsho,5.92,54.0,43.0,11.0
54,Corey Seager,9.89,55.0,73.0,-18.0
55,Will Smith,5.18,56.0,51.0,5.0
56,Devin Williams,0.0,57.0,46.0,11.0
57,Max Fried,0.0,58.0,64.0,-6.0
58,Adolis Garcia,15.64,59.0,75.0,-16.0
59,Luis Castillo,0.0,60.0,58.0,2.0
60,George Springer,12.69,61.0,72.0,-11.0
61,Adley Rutschman,7.61,62.0,52.0,10.0
62,Kevin Gausman,0.0,63.0,59.0,4.0
63,Yu Darvish,0.0,64.0,66.0,-2.0
64,Teoscar Hernandez,12.21,65.0,74.0,-9.0
65,Cristian Javier,0.0,66.0,62.0,4.0
66,Alex Bregman,4.45,67.0,78.0,-11.0
67,Jordan Romano,0.0,68.0,44.0,24.0
68,Starling Marte,7.05,69.0,86.0,-17.0
69,Zac Gallen,0.0,70.0,65.0,5.0
70,Eloy Jimenez,7.7,71.0,80.0,-9.0
71,Ryan Pressly,0.0,72.0,48.0,24.0
72,Oneil Cruz,12.85,73.0,77.0,-4.0
73,Salvador Perez,1.13,74.0,53.0,21.0
74,Framber Valdez,0.0,75.0,60.0,15.0
75,Dansby Swanson,11.12,76.0,101.0,-25.0
76,Xander Bogaerts,8.39,77.0,106.0,-29.0
77,Joe Musgrove,0.0,78.0,69.0,9.0
78,Jose Abreu,7.92,79.0,127.0,-48.0
79,Raisel Iglesias,0.0,80.0,47.0,33.0
80,Tommy Edman,9.59,81.0,84.0,-3.0
81,Bryan Reynolds,8.96,82.0,79.0,3.0
82,Corbin Carroll,0.0,83.0,42.0,41.0
83,Felix Bautista,0.0,84.0,0.0,84.0
84,Andres Gimenez,8.81,85.0,82.0,3.0
85,Tyler Glasnow,0.0,86.0,70.0,16.0
86,Wander Franco,1.18,87.0,105.0,-18.0
87,Byron Buxton,17.34,88.0,113.0,-25.0
88,Ryan Helsley,0.0,89.0,49.0,40.0
89,Robbie Ray,0.0,90.0,68.0,22.0
90,Triston McKenzie,0.0,91.0,67.0,24.0
91,Tim Anderson,-0.16,92.0,104.0,-12.0
92,Vinnie Pasquantino,2.41,93.0,129.0,-36.0
93,Gunnar Henderson,0.0,94.0,167.0,-73.0
94,Kenley Jansen,0.0,95.0,50.0,45.0
95,Nestor Cortes,0.0,96.0,98.0,-2.0
96,Willy Adames,8.97,97.0,100.0,-3.0
97,Nathaniel Lowe,10.51,98.0,130.0,-32.0
98,Logan Webb,0.0,99.0,96.0,3.0
99,Carlos Correa,6.74,100.0,103.0,-3.0
100,Alejandro Kirk,0.53,101.0,345.0,-244.0
101,Logan Gilbert,0.0,102.0,94.0,8.0
102,Camilo Doval,0.0,103.0,112.0,-9.0
103,Rhys Hoskins,8.55,104.0,131.0,-27.0
104,Tyler ONeill,5.11,105.0,114.0,-9.0
105,Kyle Wright,0.0,106.0,99.0,7.0
106,MJ Melendez,4.1,107.0,87.0,20.0
107,Willson Contreras,9.64,108.0,204.0,-96.0
108,Luis Severino,0.0,109.0,90.0,19.0
109,Clayton Kershaw,0.0,110.0,136.0,-26.0
110,Jeremy Pena,3.58,111.0,0.0,111.0
111,Steven Kwan,3.91,112.0,119.0,-7.0
112,George Kirby,0.0,113.0,93.0,20.0
113,Blake Snell,0.0,114.0,89.0,25.0
114,Christian Walker,10.74,115.0,128.0,-13.0
115,Seiya Suzuki,7.24,116.0,192.0,-76.0
116,Jake McCarthy,4.82,117.0,120.0,-3.0
117,Hunter Greene,0.0,118.0,91.0,27.0
118,Giancarlo Stanton,14.71,119.0,123.0,-4.0
119,Anthony Santander,7.12,120.0,122.0,-2.0
120,Christian Yelich,14.85,121.0,115.0,6.0
121,Bryce Harper,13.5,122.0,222.0,-100.0
122,Gleyber Torres,8.07,123.0,161.0,-38.0
123,Chris Bassitt,0.0,124.0,187.0,-63.0
124,Kris Bryant,0.0,125.0,121.0,4.0
125,Nick Lodolo,0.0,126.0,95.0,31.0
126,Anthony Rizzo,9.98,127.0,169.0,-42.0
127,CJ Cron,6.44,128.0,133.0,-5.0
128,Sean Murphy,5.17,129.0,205.0,-76.0
129,William Contreras,9.64,130.0,204.0,-74.0
130,Tony Gonsolin,0.0,131.0,141.0,-10.0
131,Nick Castellanos,-2.41,132.0,118.0,14.0
132,Taylor Ward,11.47,133.0,116.0,17.0
133,Lance Lynn,0.0,134.0,92.0,42.0
134,Amed Rosario,3.95,135.0,155.0,-20.0
135,Max Muncy,7.69,136.0,166.0,-30.0
136,Clay Holmes,0.0,137.0,107.0,30.0
137,David Bednar,0.0,138.0,110.0,28.0
138,Jesus Luzardo,0.0,139.0,147.0,-8.0
139,Freddy Peralta,0.0,140.0,150.0,-10.0
140,Andrew Vaughn,0.28,141.0,132.0,9.0
141,Scott Barlow,0.0,142.0,178.0,-36.0
142,Eugenio Suarez,11.29,143.0,0.0,143.0
143,Hunter Renfroe,6.5,144.0,124.0,20.0
144,Daniel Bard,0.0,145.0,108.0,37.0
145,Lucas Giolito,0.0,146.0,134.0,12.0
146,Dustin May,0.0,147.0,148.0,-1.0
147,Joe Ryan,0.0,148.0,97.0,51.0
148,Jose Miranda,-3.64,149.0,219.0,-70.0
149,Brandon Lowe,1.53,150.0,164.0,-14.0
150,Chris Sale,0.0,151.0,135.0,16.0
151,Pablo Lopez,0.0,152.0,0.0,152.0
152,Jhoan Duran,0.0,153.0,111.0,42.0
153,Jorge Polanco,5.29,154.0,163.0,-9.0
154,Mitch Haniger,0.55,155.0,125.0,30.0
155,Alexis Diaz,-8.7,156.0,0.0,156.0
156,Matt Chapman,10.69,157.0,214.0,-57.0
157,Jordan Montgomery,0.0,158.0,142.0,16.0
158,Ian Happ,6.86,159.0,117.0,42.0
159,Rowdy Tellez,6.66,160.0,174.0,-14.0
160,Ty France,-0.4,161.0,170.0,-9.0
161,Charlie Morton,0.0,162.0,137.0,25.0
162,Brandon Nimmo,8.7,163.0,203.0,-40.0
163,Jake Cronenworth,4.92,164.0,172.0,-8.0
164,Vaughn Grissom,0.0,165.0,165.0,0.0
165,Jeffrey Springs,0.0,166.0,140.0,26.0
166,Andres Munoz,0.0,167.0,0.0,167.0
167,Ryan Mountcastle,9.0,168.0,173.0,-5.0
168,Tyler Stephenson,0.0,169.0,154.0,15.0
169,Cal Raleigh,9.31,170.0,206.0,-36.0
170,Josh Bell,3.09,171.0,171.0,0.0
171,Paul Sewald,0.0,172.0,182.0,-10.0
172,Liam Hendriks,0.0,173.0,0.0,173.0
173,Javier Baez,0.93,174.0,0.0,174.0
174,Cody Bellinger,1.41,175.0,199.0,-24.0
175,Drew Rasmussen,0.0,176.0,143.0,33.0
176,Alex Verdugo,-2.34,177.0,198.0,-21.0
177,Grayson Rodriguez,0.0,178.0,144.0,34.0
178,Oscar Gonzalez,-2.83,179.0,197.0,-18.0
179,Alec Bohm,-0.3,180.0,211.0,-31.0
180,Jeff McNeil,1.22,181.0,209.0,-28.0
181,Brady Singer,0.0,182.0,186.0,-4.0
182,Lance McCullers,0.0,183.0,152.0,31.0
183,Riley Greene,0.6,184.0,196.0,-12.0
184,Whit Merrifield,-2.03,185.0,241.0,-56.0
185,Nico Hoerner,0.55,186.0,156.0,30.0
186,Brandon Drury,5.16,187.0,240.0,-53.0
187,JD Martinez,4.08,188.0,176.0,12.0
188,Lars Nootbaar,9.58,189.0,126.0,63.0
189,Merrill Kelly,0.0,190.0,268.0,-78.0
190,DJ LeMahieu,2.62,191.0,330.0,-139.0
191,Jonathan India,-6.11,192.0,153.0,39.0
192,Pete Fairbanks,0.0,193.0,177.0,16.0
193,Masataka Yoshida,0.0,194.0,193.0,1.0
194,Ketel Marte,1.72,195.0,208.0,-13.0
195,KeBryan Hayes,3.28,196.0,168.0,28.0
196,Harrison Bader,-7.19,197.0,191.0,6.0
197,Thairo Estrada,0.08,198.0,162.0,36.0
198,Patrick Sandoval,0.0,199.0,189.0,10.0
199,Luis Arraez,0.08,200.0,220.0,-20.0
200,Triston Casas,0.0,201.0,215.0,-14.0
201,Jon Gray,0.0,202.0,138.0,64.0
202,Danny Jansen,4.83,203.0,207.0,-4.0
203,Jose Leclerc,0.0,204.0,181.0,23.0
204,Joey Meneses,5.12,205.0,218.0,-13.0
205,Keibert Ruiz,-8.66,206.0,160.0,46.0
206,Tyler Anderson,0.0,207.0,254.0,-47.0
207,Jack Flaherty,0.0,208.0,224.0,-16.0
208,Jose Berrios,0.0,209.0,184.0,25.0
209,Trevor Story,7.22,210.0,405.0,-195.0
210,Anthony Rendon,0.0,211.0,238.0,-27.0
211,Josh Rojas,6.95,212.0,335.0,-123.0
212,Miles Mikolas,0.0,213.0,273.0,-60.0
213,Craig Kimbrel,0.0,214.0,304.0,-90.0
214,Andrew Heaney,0.0,215.0,151.0,64.0
215,Alex Cobb,0.0,216.0,190.0,26.0
216,Josh Naylor,1.58,217.0,216.0,1.0
217,Edward Cabrera,0.0,218.0,223.0,-5.0
218,Reid Detmers,0.0,219.0,183.0,36.0
219,Adalberto Mondesi,0.0,220.0,305.0,-85.0
220,Ryan McMahon,9.13,221.0,237.0,-16.0
221,Seth Brown,11.0,222.0,175.0,47.0
222,Ranger Suarez,0.0,223.0,0.0,223.0
223,Josh Jung,0.0,224.0,239.0,-15.0
224,Brendan Rodgers,0.07,225.0,398.0,-173.0
225,Andrew Benintendi,2.2,226.0,195.0,31.0
226,Travis dArnaud,-0.25,227.0,321.0,-94.0
227,Justin Turner,2.33,228.0,212.0,16.0
228,Jose Urquidy,0.0,229.0,271.0,-42.0
229,Nathan Eovaldi,0.0,230.0,260.0,-30.0
230,Sonny Gray,0.0,231.0,188.0,43.0
231,Evan Phillips,0.0,232.0,231.0,1.0
232,Joc Pederson,14.41,233.0,289.0,-56.0
233,Jesse Winker,-0.53,234.0,285.0,-51.0
234,Jorge Lopez,0.0,235.0,0.0,235.0
235,Jordan Walker,0.0,236.0,221.0,15.0
236,Kendall Graveman,0.0,237.0,230.0,7.0
237,Jorge Mateo,5.84,238.0,249.0,-11.0
238,Gavin Lux,0.86,239.0,651.0,-412.0
239,Kolten Wong,5.12,240.0,243.0,-3.0
240,Jameson Taillon,0.0,241.0,258.0,-17.0
241,Michael Conforto,0.0,242.0,279.0,-37.0
242,Lourdes Gurriel,-3.54,243.0,292.0,-49.0
243,Ezequiel Tovar,0.0,244.0,300.0,-56.0
244,Tyler Mahle,0.0,245.0,255.0,-10.0
245,Aaron Ashby,0.0,246.0,320.0,-74.0
246,Jean Segura,-2.63,247.0,210.0,37.0
247,Sean Manaea,0.0,248.0,266.0,-18.0
248,Frankie Montas,0.0,249.0,568.0,-319.0
249,Hunter Brown,0.0,250.0,145.0,105.0
250,Ramon Laureano,2.79,251.0,194.0,57.0
251,Francisco Alvarez,0.0,252.0,0.0,252.0
252,CJ Abrams,-11.78,253.0,250.0,3.0
253,Adam Wainwright,0.0,254.0,274.0,-20.0
254,Carlos Carrasco,0.0,255.0,259.0,-4.0
255,Bryan De La Cruz,1.69,256.0,278.0,-22.0
256,Trey Mancini,0.26,257.0,247.0,10.0
257,Michael Kopech,0.0,258.0,318.0,-60.0
258,Christian Vazquez,-9.91,259.0,0.0,259.0
259,Jon Berti,7.04,260.0,340.0,-80.0
260,Luis Urias,-0.1,261.0,0.0,261.0
261,Alex Lange,0.0,262.0,180.0,82.0
262,Cal Quantrill,0.0,263.0,270.0,-7.0
263,Seranthony Dominguez,0.0,264.0,383.0,-119.0
264,Gabriel Moreno,0.0,265.0,323.0,-58.0
265,Austin Hays,-2.46,266.0,291.0,-25.0
266,Christopher Morel,7.3,267.0,251.0,16.0
267,Gregory Soto,0.0,268.0,384.0,-116.0
268,Marcus Stroman,0.0,269.0,256.0,13.0
269,Bryson Stott,-0.73,270.0,244.0,26.0
270,Dylan Floro,0.0,271.0,227.0,44.0
271,Giovanny Gallegos,0.0,272.0,377.0,-105.0
272,Ross Stripling,0.0,273.0,265.0,8.0
273,Austin Meadows,0.0,274.0,277.0,-3.0
274,Garrett Whitlock,0.0,275.0,314.0,-39.0
275,Esteury Ruiz,0.0,276.0,200.0,76.0
276,Trevor Rogers,0.0,277.0,253.0,24.0
277,Jonah Heim,-3.17,278.0,322.0,-44.0
278,Charlie Blackmon,-3.65,279.0,290.0,-11.0
279,Martin Perez,0.0,280.0,0.0,280.0
280,Yasmani Grandal,-9.51,281.0,390.0,-109.0
281,Wil Myers,-1.97,282.0,246.0,36.0
282,Brendan Donovan,-0.78,283.0,399.0,-116.0
283,Kodai Senga,0.0,284.0,139.0,145.0
284,Spencer Torkelson,-5.05,285.0,308.0,-23.0
285,Aroldis Chapman,0.0,286.0,225.0,61.0
286,Andrew McCutchen,-1.11,287.0,288.0,-1.0
287,Mike Yastrzemski,4.91,288.0,293.0,-5.0
288,Miguel Vargas,0.0,289.0,233.0,56.0
289,Taijuan Walker,0.0,290.0,267.0,23.0
290,Brandon Marsh,1.56,291.0,281.0,10.0
291,Yandy Diaz,7.44,292.0,0.0,292.0
292,Walker Buehler,0.0,293.0,0.0,293.0
293,Rafael Montero,0.0,294.0,375.0,-81.0
294,HaSeong Kim,0.0,295.0,234.0,61.0
295,Oscar Colas,0.0,296.0,201.0,95.0
296,Jarred Kelenic,0.0,297.0,202.0,95.0
297,Logan OHoppe,0.0,298.0,326.0,-28.0
298,Nolan Gorman,3.42,299.0,404.0,-105.0
299,Justin Steele,0.0,300.0,261.0,39.0
300,Oswald Peraza,0.0,301.0,298.0,3.0
301,Taylor Rogers,0.0,302.0,382.0,-80.0
302,Yoan Moncada,-2.85,303.0,0.0,303.0
303,Roansy Contreras,0.0,304.0,257.0,47.0
304,Jared Walsh,-2.55,305.0,331.0,-26.0
305,Joey Gallo,6.12,306.0,416.0,-110.0
306,Randal Grichuk,-0.75,307.0,296.0,11.0
307,Mark Canha,0.9,308.0,346.0,-38.0
308,Brayan Bello,-0.23,309.0,334.0,-25.0
309,Joey Bart,-1.13,310.0,544.0,-234.0
310,Noah Syndergaard,0.0,311.0,301.0,10.0
311,Mike Clevinger,0.0,312.0,0.0,312.0
312,Marcell Ozuna,0.52,313.0,420.0,-107.0
313,Oswaldo Cabrera,0.0,314.0,465.0,-151.0
314,Eric Haase,-1.36,315.0,392.0,-77.0
315,Alex Kirilloff,0.53,316.0,345.0,-29.0
316,Jason Adam,0.0,317.0,381.0,-64.0
317,Eduardo Escobar,2.22,318.0,343.0,-25.0
318,Dylan Carlson,-1.35,319.0,354.0,-35.0
319,Garrett Mitchell,0.0,320.0,313.0,7.0
320,Aaron Civale,0.0,321.0,263.0,58.0
321,Corey Kluber,0.0,322.0,264.0,58.0
322,Chris Taylor,2.52,323.0,242.0,81.0
323,Trent Grisham,3.35,324.0,350.0,-26.0
324,Carlos Estevez,0.0,325.0,232.0,93.0
325,Gio Urshela,-1.39,326.0,461.0,-135.0
326,Jose Quintana,0.0,327.0,269.0,58.0
327,Jose Trevino,-8.13,328.0,488.0,-160.0
328,Kike Hernandez,0.0,329.0,336.0,-7.0
329,Myles Straw,-3.87,330.0,468.0,-138.0
330,Michael Brantley,-2.27,331.0,414.0,-83.0
331,Andrew Painter,0.0,332.0,146.0,186.0
332,Kenta Maeda,0.0,333.0,262.0,71.0
333,Eric Lauer,0.0,334.0,366.0,-32.0
334,Josh Donaldson,-1.78,335.0,506.0,-171.0
335,Jorge Soler,1.56,336.0,418.0,-82.0
336,Adam Duvall,-1.97,337.0,280.0,57.0
337,Joey Votto,-1.38,338.0,397.0,-59.0
338,Luis Rengifo,-4.74,339.0,248.0,91.0
339,Eduardo Rodriguez,0.0,340.0,364.0,-24.0
340,JP Crawford,-4.83,341.0,407.0,-66.0
341,Brandon Hughes,0.0,342.0,228.0,114.0
342,Zach Eflin,0.0,343.0,361.0,-18.0
343,German Marquez,0.0,344.0,0.0,344.0
344,Mike Soroka,0.0,345.0,310.0,35.0
345,Jimmy Herget,0.0,346.0,528.0,-182.0
346,Patrick Wisdom,7.98,347.0,611.0,-264.0
347,Kyle Finnegan,0.0,348.0,226.0,122.0
348,Matt Carpenter,0.0,349.0,469.0,-120.0
349,AJ Minter,0.0,350.0,537.0,-187.0
350,Michael Wacha,0.0,351.0,371.0,-20.0
351,Trevor Bauer,0.0,352.0,567.0,-215.0
352,Austin Nola,-9.0,353.0,489.0,-136.0
353,Anthony Volpe,0.0,354.0,0.0,354.0
354,James Karinchak,0.0,355.0,385.0,-30.0
355,Daniel Hudson,0.0,356.0,373.0,-17.0
356,Joey Wendle,-8.47,357.0,587.0,-230.0
357,Tarik Skubal,0.0,358.0,584.0,-226.0
358,Brandon Crawford,-5.22,359.0,406.0,-47.0
359,Luke Voit,1.35,360.0,396.0,-36.0
360,Ian Anderson,0.0,361.0,470.0,-109.0
361,Yuli Gurriel,-6.95,362.0,512.0,-150.0
362,Nelson Cruz,-0.31,363.0,387.0,-24.0
363,Eric Hosmer,-6.26,364.0,610.0,-246.0
364,Isiah KinerFalefa,-5.04,365.0,623.0,-258.0
365,Gary Sanchez,1.54,366.0,0.0,366.0
366,Adam Frazier,-9.63,367.0,497.0,-130.0
367,Bo Naylor,0.0,368.0,327.0,41.0
368,Hunter Dozier,-5.13,369.0,410.0,-41.0
369,Drey Jameson,0.0,370.0,564.0,-194.0
370,Shea Langeliers,0.0,371.0,324.0,47.0
371,Tommy Pham,5.03,372.0,467.0,-95.0
372,Bailey Ober,0.0,373.0,440.0,-67.0
373,Luis Garcia,-6.19,374.0,235.0,139.0
374,Marco Gonzales,-9.35,375.0,435.0,-60.0
375,Jonathan Schoop,-10.57,376.0,402.0,-26.0
376,Mark Melancon,0.0,377.0,554.0,-177.0
377,Brandon Belt,-0.23,378.0,334.0,44.0
378,Nick Pivetta,0.0,379.0,365.0,14.0
379,Nicky Lopez,-9.83,380.0,499.0,-119.0
380,Jake Fraley,1.69,381.0,294.0,87.0
381,Eddie Rosario,-12.12,382.0,634.0,-252.0
382,MacKenzie Gore,0.0,383.0,359.0,24.0
383,James Outman,0.0,384.0,464.0,-80.0
384,Isaac Paredes,-1.03,385.0,329.0,56.0
385,Manuel Margot,-2.49,386.0,282.0,104.0
386,Elias Diaz,-9.06,387.0,0.0,387.0
387,Yusei Kikuchi,0.0,388.0,599.0,-211.0
388,Tylor Megill,0.0,389.0,576.0,-187.0
389,Avisail Garcia,-6.35,390.0,283.0,107.0
390,Juan Yepez,-4.97,391.0,349.0,42.0
391,David Robertson,0.0,392.0,532.0,-140.0
392,Alex Wood,0.0,393.0,432.0,-39.0
393,Mitch Garver,-1.64,394.0,451.0,-57.0
394,Christian Bethancourt,-0.88,395.0,328.0,67.0
395,Nick Gordon,2.31,396.0,236.0,160.0
396,Max Kepler,-0.97,397.0,344.0,53.0
397,Robert Suarez,0.0,398.0,378.0,20.0
398,Domingo German,0.0,399.0,356.0,43.0
399,Tanner Houck,0.0,400.0,362.0,38.0
400,Trevor May,0.0,401.0,374.0,27.0
401,Cavan Biggio,-1.74,402.0,616.0,-214.0
402,Brusdar Graterol,0.0,403.0,542.0,-139.0
403,Kyle Farmer,-8.28,404.0,622.0,-218.0
404,Franmil Reyes,-0.49,405.0,645.0,-240.0
405,Johnny Cueto,0.0,406.0,474.0,-68.0
406,Carson Kelly,-8.99,407.0,448.0,-41.0
407,Carlos Santana,2.12,408.0,332.0,76.0
408,John Schreiber,0.0,409.0,533.0,-124.0
409,Jurickson Profar,0.13,410.0,524.0,-114.0
410,Josiah Gray,0.0,411.0,297.0,114.0
411,AJ Pollock,-2.62,412.0,347.0,65.0
412,Jonathan Loaisiga,0.0,413.0,0.0,413.0
413,Matt Mervis,0.0,414.0,316.0,98.0
414,Michael Massey,0.0,415.0,456.0,-41.0
415,Trayce Thompson,13.53,416.0,351.0,65.0
416,Kyle Gibson,0.0,417.0,275.0,142.0
417,Endy Rodriguez,0.0,418.0,450.0,-32.0
418,Jeimer Candelario,-6.22,419.0,252.0,167.0
419,Harold Ramirez,-5.51,420.0,454.0,-34.0
420,Lane Thomas,-1.83,421.0,287.0,134.0
421,Elly De La Cruz,0.0,422.0,315.0,107.0
422,Hayden Wesneski,0.0,423.0,302.0,121.0
423,Christian Arroyo,-4.32,424.0,403.0,21.0
424,Adam Ottavino,0.0,425.0,545.0,-120.0
425,Santiago Espinal,-8.39,426.0,501.0,-75.0
426,Spencer Steer,0.0,427.0,307.0,120.0
427,Shane Baz,0.0,428.0,0.0,428.0
428,Dylan Moore,9.51,429.0,458.0,-29.0
429,Wilmer Flores,-2.78,430.0,333.0,97.0
430,Zach Plesac,0.0,431.0,581.0,-150.0
431,Royce Lewis,0.0,432.0,624.0,-192.0
432,Braxton Garrett,0.0,433.0,309.0,124.0
433,Bobby Dalbec,2.55,434.0,615.0,-181.0
434,Mike Zunino,0.0,435.0,449.0,-14.0
435,Joe Barlow,-1.13,436.0,544.0,-108.0
436,Luis Garcia,-6.19,437.0,235.0,202.0
437,Chris Flexen,0.0,438.0,473.0,-35.0
438,Brandon Pfaadt,0.0,439.0,438.0,1.0
439,Jose Alvarado,0.0,440.0,536.0,-96.0
440,Hyun Jin Ryu,0.0,441.0,0.0,441.0
441,Luis Garcia,-6.19,442.0,235.0,207.0
442,Mitch Keller,0.0,443.0,363.0,80.0
443,Matthew Boyd,0.0,444.0,355.0,89.0
444,Yan Gomes,-15.13,445.0,490.0,-45.0
445,David Peterson,0.0,446.0,566.0,-120.0
446,Cole Irvin,0.0,447.0,431.0,16.0
447,Kyle Hendricks,0.0,448.0,471.0,-23.0
448,Brian Anderson,-2.04,449.0,460.0,-11.0
449,Shintaro Fujinami,0.0,450.0,360.0,90.0
450,Jesus Sanchez,0.93,451.0,0.0,451.0
451,Ken Waldichuk,0.0,452.0,370.0,82.0
452,Alek Thomas,-7.48,453.0,515.0,-62.0
453,Lou Trivino,0.0,454.0,562.0,-108.0
454,Zack Greinke,0.0,455.0,481.0,-26.0
455,Nick Fortes,-2.41,456.0,389.0,67.0
456,Brock Burke,0.0,457.0,0.0,457.0
457,Jack Suwinski,3.69,458.0,415.0,43.0
458,Bubba Thompson,0.0,459.0,520.0,-61.0
459,Brett Baty,0.0,460.0,299.0,161.0
460,Matt Barnes,0.0,461.0,386.0,75.0
461,Elvis Andrus,2.74,462.0,341.0,121.0
462,Steven Matz,0.0,463.0,276.0,187.0
463,Jose Suarez,0.0,464.0,358.0,106.0
464,Michael King,0.0,465.0,525.0,-60.0
465,Cesar Hernandez,-6.69,466.0,0.0,466.0
466,David Fletcher,-19.78,467.0,0.0,467.0
467,Tony Kemp,-8.66,468.0,400.0,68.0
468,Nick Martinez,0.0,469.0,445.0,24.0
469,Kerry Carpenter,0.0,470.0,306.0,164.0
470,Spencer Turnbull,0.0,471.0,442.0,29.0
471,Blake Treinen,0.0,472.0,0.0,472.0
472,Jackson Chourio,0.0,473.0,0.0,473.0
473,Diego Castillo,-7.0,474.0,555.0,-81.0
474,Chas McCormick,4.21,475.0,412.0,63.0
475,Rodolfo Castro,-0.45,476.0,498.0,-22.0
476,Hector Neris,0.0,477.0,0.0,477.0
477,JD Davis,7.47,478.0,342.0,136.0
478,Madison Bumgarner,0.0,479.0,0.0,479.0
479,Anthony DeSclafani,0.0,480.0,598.0,-118.0
480,Robbie Grossman,-7.45,481.0,0.0,481.0
481,AJ Puk,0.0,482.0,319.0,163.0
482,Ramon Urias,-0.03,483.0,0.0,483.0
483,Andrew Kittredge,0.0,484.0,0.0,484.0
484,Jo Adell,-4.45,485.0,633.0,-148.0
485,Bailey Falter,0.0,486.0,429.0,57.0
486,Daniel Vogelbach,5.99,487.0,484.0,3.0
487,Collin McHugh,0.0,488.0,0.0,488.0
488,Tyrone Taylor,0.06,489.0,411.0,78.0
489,Rich Hill,0.0,490.0,472.0,18.0
490,JiMan Choi,4.02,491.0,394.0,97.0
491,Akil Baddoo,-6.13,492.0,516.0,-24.0
492,Drew Smyly,0.0,493.0,434.0,59.0
493,JT Brubaker,0.0,494.0,369.0,125.0
494,Nolan Jones,0.0,495.0,352.0,143.0
495,Domingo Acevedo,0.0,496.0,543.0,-47.0
496,Miguel Cabrera,-10.23,497.0,0.0,497.0
497,Patrick Corbin,0.0,498.0,0.0,498.0
498,John Means,0.0,499.0,592.0,-93.0
499,Miguel Sano,0.0,500.0,0.0,500.0
500,Keegan Thompson,0.0,501.0,482.0,19.0
501,Matt Brash,0.0,502.0,570.0,-68.0
502,Kevin Kiermaier,-0.52,503.0,519.0,-16.0
503,Keston Hiura,9.07,504.0,612.0,-108.0
504,Kevin Newman,-9.14,505.0,338.0,167.0
505,Tyler Rogers,0.0,506.0,0.0,506.0
506,Gavin Stone,0.0,507.0,0.0,507.0
507,Luis Campusano,0.0,508.0,486.0,22.0
508,Omar Narvaez,-13.69,509.0,391.0,118.0
509,Graham Ashcraft,0.0,510.0,427.0,83.0
510,Bryce Elder,0.0,511.0,583.0,-72.0
511,Bryan Abreu,0.0,512.0,529.0,-17.0
512,Sixto Sanchez,0.0,513.0,0.0,513.0
513,Ji Hwan Bae,0.0,514.0,0.0,514.0
514,Jarren Duran,-2.1,515.0,518.0,-3.0
515,Victor Robles,-8.52,516.0,521.0,-5.0
516,Miguel Rojas,-10.99,517.0,627.0,-110.0
517,Kyle Bradish,0.0,518.0,357.0,161.0
518,Paul Blackburn,0.0,519.0,444.0,75.0
519,Jose Siri,0.02,520.0,295.0,225.0
520,LaMonte Wade,-3.83,521.0,494.0,27.0
521,Ryan Pepiot,0.0,522.0,551.0,-29.0
522,Casey Mize,0.0,523.0,0.0,523.0
523,Bobby Miller,0.0,524.0,572.0,-48.0
524,James Kaprielian,0.0,525.0,425.0,100.0
525,Kyle Stowers,0.0,526.0,311.0,215.0
526,Edward Olivares,0.0,527.0,348.0,179.0
527,Wade Miley,0.0,528.0,480.0,48.0
528,Ricky Tiedemann,0.0,529.0,571.0,-42.0
529,Jonathan Villar,-7.72,530.0,0.0,530.0
530,Jesus Aguilar,-7.06,531.0,493.0,38.0
531,James Paxton,0.0,532.0,428.0,104.0
532,Nick Pratto,0.0,533.0,496.0,37.0
533,Leody Taveras,-1.12,534.0,413.0,121.0
534,Darick Hall,0.0,535.0,422.0,113.0
535,Cody Morris,0.0,536.0,317.0,219.0
536,Aledmys Diaz,-8.7,537.0,0.0,537.0
537,Erik Swanson,0.0,538.0,541.0,-3.0
538,Martin Maldonado,-8.66,539.0,0.0,539.0
539,Luis Patino,0.0,540.0,600.0,-60.0
540,Nick Solak,0.0,541.0,643.0,-102.0
541,Aaron Hicks,0.53,542.0,466.0,76.0
542,Seth Lugo,0.0,543.0,443.0,100.0
543,Matt Manning,0.0,544.0,430.0,114.0
544,Evan Longoria,0.99,545.0,507.0,38.0
545,TJ Friedl,-3.31,546.0,286.0,260.0
546,Zac Veen,0.0,547.0,0.0,547.0
547,Drew Waters,0.0,548.0,421.0,127.0
548,Andrew Chafin,0.0,549.0,559.0,-10.0
549,Taylor Walls,-4.04,550.0,620.0,-70.0
550,Dean Kremer,0.0,551.0,590.0,-39.0
551,Ryne Nelson,0.0,552.0,424.0,128.0
552,Max Stassi,-8.72,553.0,492.0,61.0
553,Didi Gregorius,-15.21,554.0,0.0,554.0
554,Stephen Strasburg,0.0,555.0,0.0,555.0
555,Tom Murphy,0.0,556.0,0.0,556.0
556,DL Hall,0.0,557.0,575.0,-18.0
557,David Peralta,0.66,558.0,353.0,205.0
558,JP Sears,0.0,559.0,439.0,120.0
559,Dany Jimenez,0.0,560.0,380.0,180.0
560,Michael Lorenzen,0.0,561.0,433.0,128.0
561,Jonathan Aranda,0.0,562.0,455.0,107.0
562,Adbert Alzolay,0.0,563.0,534.0,29.0
563,Edouard Julien,0.0,564.0,0.0,564.0
564,Kyle Harrison,0.0,565.0,0.0,565.0
565,Will Smith,5.18,566.0,51.0,515.0
566,Dominic Smith,0.0,567.0,510.0,57.0
567,Mike Moustakas,-7.58,568.0,0.0,568.0
568,Cade Cavalli,0.0,569.0,573.0,-4.0
569,Tyler Naquin,3.41,570.0,0.0,570.0
570,Kyle Higashioka,-7.68,571.0,0.0,571.0
571,Will Brennan,0.0,572.0,462.0,110.0
572,Garrett Cooper,2.36,573.0,395.0,178.0
573,David Villar,0.0,574.0,495.0,79.0
574,Gavin Sheets,-5.64,575.0,517.0,58.0
575,Jackson Holliday,0.0,576.0,0.0,576.0
576,Dylan Bundy,0.0,577.0,0.0,577.0
577,Josh Lowe,0.0,578.0,632.0,-54.0
578,Matt Bush,0.0,579.0,530.0,49.0
579,Elieser Hernandez,0.0,580.0,0.0,580.0
580,Tyler Wells,0.0,581.0,577.0,4.0
581,Jordan Hicks,0.0,582.0,0.0,582.0
582,Sal Frelick,0.0,583.0,0.0,583.0
583,Kyle Muller,0.0,584.0,441.0,143.0
584,Chad Green,0.0,585.0,0.0,585.0
585,Brennen Davis,0.0,586.0,0.0,586.0
586,Ryan Jeffers,-2.0,587.0,491.0,96.0
587,Corey Knebel,0.0,588.0,0.0,588.0
588,Jordan Lyles,0.0,589.0,475.0,114.0
589,JP Feyereisen,0.0,590.0,0.0,590.0
590,Nick Senzel,-10.28,591.0,636.0,-45.0
591,Anthony Bass,0.0,592.0,0.0,592.0
592,Vidal Brujan,0.0,593.0,618.0,-25.0
593,Brooks Raley,0.0,594.0,0.0,594.0
594,Kyle Manzardo,0.0,595.0,609.0,-14.0
595,Brad Boxberger,0.0,596.0,0.0,596.0
596,Adam Cimber,0.0,597.0,0.0,597.0
597,Jake Odorizzi,0.0,598.0,582.0,16.0
598,Edmundo Sosa,0.0,599.0,0.0,599.0
599,Abraham Toro,-11.52,600.0,0.0,600.0
600,Nick Ahmed,0.0,601.0,621.0,-20.0
601,Pavin Smith,-4.2,602.0,608.0,-6.0
602,Francisco Mejia,-14.14,603.0,601.0,2.0
603,Trevor Larnach,0.0,604.0,635.0,-31.0
604,Kyle Lewis,0.0,605.0,423.0,182.0
605,Brice Turang,0.0,606.0,312.0,294.0
606,Taj Bradley,0.0,607.0,569.0,38.0
607,Tucker Barnhart,-17.55,608.0,602.0,6.0
608,Austin Barnes,-3.99,609.0,607.0,2.0
609,Joey Wentz,-8.47,610.0,587.0,23.0
610,Elehuris Montero,0.0,611.0,511.0,100.0
611,James McCann,0.0,612.0,605.0,7.0
612,Nate Pearson,0.0,613.0,0.0,613.0
613,Dakota Hudson,0.0,614.0,0.0,614.0
614,Garrett Hampson,-6.48,615.0,0.0,615.0
615,Hanser Alberto,0.0,616.0,0.0,616.0
616,Rougned Odor,-4.49,617.0,619.0,-2.0
617,Daniel Lynch,0.0,618.0,580.0,38.0
618,Jace Peterson,2.03,619.0,409.0,210.0
619,Kyle Freeland,0.0,620.0,483.0,137.0
620,Masyn Winn,0.0,621.0,0.0,621.0
621,Daniel Espino,0.0,622.0,0.0,622.0
622,Nick Madrigal,-15.96,623.0,459.0,164.0
623,Connor Joe,-2.81,624.0,453.0,171.0
624,Glenn Otto,0.0,625.0,597.0,28.0
625,Eury Perez,0.0,626.0,0.0,626.0
626,Jorge Alfaro,-1.39,627.0,452.0,175.0
627,Reynaldo Lopez,0.0,628.0,0.0,628.0
628,JJ Bleday,-6.38,629.0,419.0,210.0
629,Yonathan Daza,-10.41,630.0,641.0,-11.0
630,Miguel Andujar,0.0,631.0,0.0,631.0
631,Tanner Scott,0.0,632.0,548.0,84.0
632,Matt Wallner,0.0,633.0,0.0,633.0
633,Jake Burger,0.0,634.0,628.0,6.0
634,Dane Dunning,0.0,635.0,595.0,40.0
635,Johan Oviedo,0.0,636.0,593.0,43.0
636,Jakob Junis,0.0,637.0,591.0,46.0
637,Josh Harrison,-8.92,638.0,0.0,638.0
638,Michael Toglia,0.0,639.0,614.0,25.0
639,Adrian Morejon,0.0,640.0,0.0,640.0
640,Curtis Mead,0.0,641.0,0.0,641.0
641,Matthew Liberatore,0.0,642.0,594.0,48.0
642,Willi Castro,-5.2,643.0,0.0,643.0
643,Jose Iglesias,-15.18,644.0,0.0,644.0
644,Frank Schwindel,-11.94,645.0,0.0,645.0
645,Jake Cave,0.0,646.0,0.0,646.0
646,Alex Colome,0.0,647.0,0.0,647.0
647,Huascar Ynoa,0.0,648.0,0.0,648.0
648,Yimi Garcia,0.0,649.0,0.0,649.0
649,Jordan Diaz,0.0,650.0,0.0,650.0
650,Jose Barrero,0.0,651.0,503.0,148.0
651,Stone Garrett,0.0,652.0,463.0,189.0
652,Max Meyer,0.0,653.0,0.0,653.0
653,Tomas Nido,-14.56,654.0,606.0,48.0
654,Jake McGee,0.0,655.0,0.0,655.0
655,Brad Keller,0.0,656.0,478.0,178.0
656,Jacob Stallings,-13.0,657.0,604.0,53.0
657,Amir Garrett,0.0,658.0,0.0,658.0
658,Alex Reyes,0.0,659.0,561.0,98.0
659,Kevin Ginkel,0.0,660.0,526.0,134.0
660,Reese McGuire,-10.71,661.0,447.0,214.0
661,Matt Vierling,-2.11,662.0,284.0,378.0
662,Ezequiel Duran,-7.57,663.0,509.0,154.0
663,Geraldo Perdomo,-9.82,664.0,626.0,38.0
664,Yonny Chirinos,0.0,665.0,0.0,665.0
665,Raimel Tapia,-3.32,666.0,0.0,666.0
666,Luis Guillorme,-9.5,667.0,0.0,667.0
667,Clarke Schmidt,0.0,668.0,436.0,232.0
668,Chris Martin,0.0,669.0,540.0,129.0
669,Jonathan Hernandez,0.0,670.0,557.0,113.0
670,Joe Mantiply,0.0,671.0,552.0,119.0
671,Colton Cowser,0.0,672.0,0.0,672.0
672,Austin Slater,8.23,673.0,649.0,24.0
673,Luis Gil,0.0,674.0,0.0,674.0
674,Nick Allen,-14.55,675.0,504.0,171.0
675,Alan Trejo,0.0,676.0,0.0,676.0
676,Edwin Rios,0.0,677.0,0.0,677.0
677,Connor Norby,0.0,678.0,0.0,678.0
678,Chris Paddack,0.0,679.0,0.0,679.0
679,Austin Voth,0.0,680.0,426.0,254.0
680,Joe Jimenez,0.0,681.0,556.0,125.0
681,Chase Silseth,0.0,682.0,476.0,206.0
682,Zach McKinstry,0.0,683.0,0.0,683.0
683,Adrian Sampson,0.0,684.0,0.0,684.0
684,Xzavion Curry,0.0,685.0,0.0,685.0
685,Willie Calhoun,0.0,686.0,0.0,686.0
686,Alec Burleson,0.0,687.0,0.0,687.0
687,Kutter Crawford,0.0,688.0,437.0,251.0
688,Alex Vesia,0.0,689.0,550.0,139.0
689,Brad Hand,0.0,690.0,0.0,690.0
690,Josh Winder,0.0,691.0,574.0,117.0
691,Dylan Coleman,0.0,692.0,539.0,153.0
692,Brett Phillips,-9.26,693.0,0.0,693.0
693,Michael Busch,0.0,694.0,457.0,237.0
694,Owen Miller,-7.99,695.0,613.0,82.0
695,Sean Bouchard,0.0,696.0,0.0,696.0
696,Emmanuel Rivera,-0.77,697.0,629.0,68.0
697,Pedro Severino,0.0,698.0,0.0,698.0
698,Freddy Fermin,0.0,699.0,0.0,699.0
699,Jordan Lawlar,0.0,700.0,0.0,700.0
700,Yainer Diaz,0.0,701.0,0.0,701.0
701,Cal Mitchell,-7.95,702.0,644.0,58.0
702,Tommy Henry,0.0,703.0,0.0,703.0
703,Drew Smith,0.0,704.0,0.0,704.0
704,Dillon Tate,0.0,705.0,0.0,705.0
705,Javier Assad,0.0,706.0,0.0,706.0
706,Dinelson Lamet,0.0,707.0,0.0,707.0
707,Hunter Harvey,0.0,708.0,379.0,329.0
708,Kris Bubic,0.0,709.0,579.0,130.0
709,Jeremiah Estrada,0.0,710.0,0.0,710.0
710,Zach Jackson,0.0,711.0,0.0,711.0
711,Tanner Bibee,0.0,712.0,0.0,712.0
712,Kyle Isbel,-5.83,713.0,640.0,73.0
713,Harold Castro,-7.38,714.0,0.0,714.0
714,Jordan Westburg,0.0,715.0,0.0,715.0
715,Louie Varland,0.0,716.0,0.0,716.0
716,Conner Capel,0.0,717.0,514.0,203.0
717,Drew Hutchison,0.0,718.0,0.0,718.0
718,Joey Ortiz,0.0,719.0,0.0,719.0
719,Jordan Groshans,0.0,720.0,630.0,90.0
720,Griffin Jax,0.0,721.0,0.0,721.0
721,Tejay Antone,0.0,722.0,563.0,159.0
722,Jack Leiter,0.0,723.0,0.0,723.0
723,Gavin Williams,0.0,724.0,565.0,159.0
724,Adrian Houser,0.0,725.0,0.0,725.0
725,Josh Smith,-11.84,726.0,408.0,318.0
726,Mark Mathias,0.0,727.0,0.0,727.0
727,Victor Caratini,-5.37,728.0,0.0,728.0
728,Ryan Tepera,0.0,729.0,546.0,183.0
729,Moises Gomez,0.0,730.0,0.0,730.0
730,Trevor Stephan,0.0,731.0,549.0,182.0
731,Nate Eaton,0.0,732.0,0.0,732.0
732,Sam Huff,0.0,733.0,0.0,733.0
733,Gabriel Arias,0.0,734.0,0.0,734.0
734,Addison Barger,0.0,735.0,0.0,735.0
735,Carter Kieboom,0.0,736.0,0.0,736.0
736,Trevor Williams,0.0,737.0,0.0,737.0
737,Mickey Moniak,0.0,738.0,0.0,738.0
738,Bryse Wilson,0.0,739.0,0.0,739.0
739,Cristian Pache,-16.27,740.0,523.0,217.0
740,Emerson Hancock,0.0,741.0,0.0,741.0
741,Rafael Ortega,-4.27,742.0,642.0,100.0
742,Matt Wisler,0.0,743.0,0.0,743.0
743,Livan Soto,0.0,744.0,0.0,744.0
744,Marco Luciano,0.0,745.0,0.0,745.0
745,Tommy Kahnle,0.0,746.0,538.0,208.0
746,Noelvi Marte,0.0,747.0,505.0,242.0
747,Lucas Sims,0.0,748.0,527.0,221.0
748,Eguy Rosario,0.0,749.0,0.0,749.0
749,Connor Wong,0.0,750.0,0.0,750.0
750,Ryan Yarbrough,0.0,751.0,596.0,155.0
751,Jeurys Familia,0.0,752.0,0.0,752.0
752,Sam Haggerty,-0.07,753.0,0.0,753.0
753,Ryan Feltner,0.0,754.0,0.0,754.0
754,Colin Moran,0.0,755.0,0.0,755.0
755,Tucker Davidson,0.0,756.0,0.0,756.0
756,Rowan Wick,0.0,757.0,558.0,199.0
757,Alexander Canario,0.0,758.0,0.0,758.0
758,Manuel Rodriguez,0.0,759.0,0.0,759.0
759,Michael Pineda,0.0,760.0,0.0,760.0
760,Beau Brieske,0.0,761.0,0.0,761.0
761,Danny Mendick,0.0,762.0,0.0,762.0
762,Orlando Arcia,-3.92,763.0,0.0,763.0
763,Zach Davies,0.0,764.0,0.0,764.0
764,Paolo Espino,0.0,765.0,0.0,765.0
765,Joey Wiemer,0.0,766.0,0.0,766.0
766,Eli Morgan,0.0,767.0,0.0,767.0
767,Nelson Velazquez,-0.11,768.0,648.0,120.0
768,Ben Gamel,-0.55,769.0,0.0,769.0
769,Jeter Downs,0.0,770.0,0.0,770.0
770,Michael Fulmer,0.0,771.0,531.0,240.0
771,Kyle Nelson,0.0,772.0,0.0,772.0
772,Seby Zavala,-4.52,773.0,0.0,773.0
773,Luis Ortiz,0.0,774.0,578.0,196.0
774,Andrew Knizner,-11.53,775.0,0.0,775.0
775,Jonathan Heasley,0.0,776.0,0.0,776.0
776,Robert HassellI,0.0,777.0,0.0,777.0
777,Matt Moore,0.0,778.0,372.0,406.0
778,Andy Ibanez,0.0,779.0,0.0,779.0
779,Jake Alu,0.0,780.0,508.0,272.0
780,Garrett Crochet,0.0,781.0,0.0,781.0
781,Joey Lucchesi,0.0,782.0,0.0,782.0
782,Maikel Garcia,0.0,783.0,502.0,281.0
783,Mark Vientos,0.0,784.0,0.0,784.0
784,Jake Diekman,0.0,785.0,0.0,785.0
785,Jake Meyers,0.0,786.0,631.0,155.0
786,Austin Wells,0.0,787.0,0.0,787.0
787,George Valera,0.0,788.0,0.0,788.0
788,Spencer Horwitz,0.0,789.0,0.0,789.0
789,Austin Martin,0.0,790.0,0.0,790.0
790,Jorge Alcala,0.0,791.0,0.0,791.0
791,Kyle Garlick,0.0,792.0,0.0,792.0
792,Paul DeJong,-6.5,793.0,0.0,793.0
793,Alex Call,0.0,794.0,646.0,148.0
794,Taylor Trammell,0.0,795.0,0.0,795.0
795,Mick Abel,0.0,796.0,0.0,796.0
796,Enmanuel Valdez,0.0,797.0,0.0,797.0
797,Carl Edwards,0.0,798.0,0.0,798.0
798,Tyler Soderstrom,0.0,799.0,0.0,799.0
799,Shelby Miller,0.0,800.0,0.0,800.0
800,Diego Cartaya,0.0,801.0,0.0,801.0
801,Austin Hedges,-18.74,802.0,0.0,802.0
802,PJ Higgins,-8.63,803.0,603.0,200.0
803,Luis Gonzalez,-2.78,804.0,639.0,165.0
804,Will Benson,0.0,805.0,638.0,167.0
805,Michael Grove,0.0,806.0,0.0,806.0
806,Brad Miller,-4.71,807.0,0.0,807.0
807,Quinn Priester,0.0,808.0,0.0,808.0
808,Yency Almonte,0.0,809.0,0.0,809.0
809,Kevin Smith,0.0,810.0,0.0,810.0
810,Davis Martin,0.0,811.0,0.0,811.0
811,Cooper Hummel,-5.01,812.0,0.0,812.0
812,Dustin Harris,0.0,813.0,0.0,813.0
813,Michael Chavis,-7.22,814.0,0.0,814.0
814,Ivan Herrera,0.0,815.0,0.0,815.0
815,Sam Hilliard,-2.68,816.0,0.0,816.0
816,Keegan Akin,0.0,817.0,0.0,817.0
817,Terrin Vavra,0.0,818.0,0.0,818.0
818,Sam Hentges,0.0,819.0,0.0,819.0
819,Zack Gelof,0.0,820.0,0.0,820.0
820,Miles Mastrobuoni,0.0,821.0,0.0,821.0
821,Ethan Small,0.0,822.0,0.0,822.0
822,Jake Eder,0.0,823.0,0.0,823.0
823,Korey Lee,0.0,824.0,0.0,824.0
824,Dermis Garcia,0.0,825.0,0.0,825.0
825,Ildemaro Vargas,-12.39,826.0,0.0,826.0
826,David Bote,0.0,827.0,0.0,827.0
827,Garrett Stubbs,0.0,828.0,0.0,828.0
828,David Hensley,0.0,829.0,0.0,829.0
829,Victor Reyes,-7.3,830.0,0.0,830.0
830,Robert Gasser,0.0,831.0,0.0,831.0
831,Reyes Moronta,0.0,832.0,0.0,832.0
832,Adrian Martinez,0.0,833.0,0.0,833.0
833,Ron Marinaccio,0.0,834.0,560.0,274.0
834,Emilio Pagan,0.0,835.0,0.0,835.0
835,Colin Poche,0.0,836.0,0.0,836.0
836,Cole Winn,0.0,837.0,0.0,837.0
837,Caleb Kilian,0.0,838.0,585.0,253.0
838,Christian EncarnacionStrand,0.0,839.0,0.0,839.0
839,Pedro Leon,0.0,840.0,0.0,840.0
840,Aristides Aquino,-7.27,841.0,0.0,841.0
841,Andre Pallante,0.0,842.0,0.0,842.0
842,Jon Singleton,0.0,843.0,0.0,843.0
843,Jalen Beeks,0.0,844.0,0.0,844.0
844,Brian Serven,-17.06,845.0,487.0,358.0
845,Gilberto Celestino,-8.61,846.0,0.0,846.0
846,Tyler Gentry,0.0,847.0,0.0,847.0
847,Darin Ruf,-0.02,848.0,617.0,231.0
848,Yadiel Hernandez,-6.21,849.0,0.0,849.0
849,Mitch White,0.0,850.0,589.0,261.0
850,Matt Festa,0.0,851.0,0.0,851.0
851,Travis Swaggerty,0.0,852.0,0.0,852.0
852,Jared Shuster,0.0,853.0,0.0,853.0
853,Gordon Graceffo,0.0,854.0,0.0,854.0
854,Caleb Thielbar,0.0,855.0,0.0,855.0
855,Ronny Mauricio,0.0,856.0,0.0,856.0
856,Wil Crowe,0.0,857.0,0.0,857.0
857,Jovani Moran,0.0,858.0,0.0,858.0
858,Matt Reynolds,-4.74,859.0,0.0,859.0
859,Cole Ragans,0.0,860.0,0.0,860.0
860,Andy Pages,0.0,861.0,0.0,861.0
861,Buck Farmer,0.0,862.0,0.0,862.0
862,Matt Strahm,0.0,863.0,0.0,863.0
863,Bryan Baker,0.0,864.0,0.0,864.0
864,Andrew Velazquez,-4.74,865.0,625.0,240.0
865,Henry Davis,0.0,866.0,0.0,866.0
866,Thad Ward,0.0,867.0,0.0,867.0
867,Erick Fedde,0.0,868.0,0.0,868.0
868,Yoelqui Cespedes,0.0,869.0,0.0,869.0
869,Rob Refsnyder,0.0,870.0,0.0,870.0
870,Tyler Freeman,0.0,871.0,0.0,871.0
871,Konnor Pilkington,0.0,872.0,0.0,872.0
872,Luke Williams,0.0,873.0,0.0,873.0
873,Leury Garcia,-15.25,874.0,0.0,874.0
874,Zach Neto,0.0,875.0,0.0,875.0
875,Cionel Perez,0.0,876.0,0.0,876.0
876,Tommy La Stella,0.0,877.0,0.0,877.0
877,Greg Allen,0.0,878.0,0.0,878.0
878,Freddy Tarnok,0.0,879.0,0.0,879.0
879,Jay Groome,0.0,880.0,0.0,880.0
880,Brayan Rocchio,0.0,881.0,0.0,881.0
881,Seth Beer,0.0,882.0,0.0,882.0
882,Brent Suter,0.0,883.0,0.0,883.0
883,Justin Dunn,0.0,884.0,0.0,884.0
884,Penn Murfee,0.0,885.0,0.0,885.0
885,Evan Carter,0.0,886.0,0.0,886.0
886,Reese Olson,0.0,887.0,0.0,887.0
887,Scott Effross,0.0,888.0,0.0,888.0
888,Connor Thomas,0.0,889.0,0.0,889.0
889,Carlos Hernandez,0.0,890.0,0.0,890.0
890,Owen White,0.0,891.0,0.0,891.0
891,Franchy Cordero,6.69,892.0,0.0,892.0
892,Spencer Howard,0.0,893.0,0.0,893.0
893,Max Castillo,0.0,894.0,0.0,894.0
894,Mike Brosseau,0.0,895.0,0.0,895.0
895,Bryan Mata,0.0,896.0,0.0,896.0
896,Mike Baumann,0.0,897.0,0.0,897.0
897,Lewis Brinson,0.0,898.0,0.0,898.0
898,Sergio Alcantara,-12.27,899.0,0.0,899.0
899,Kole Calhoun,-5.22,900.0,0.0,900.0
900,Rony Garcia,0.0,901.0,0.0,901.0
901,Brandon Walter,0.0,902.0,0.0,902.0
902,Sam Long,0.0,903.0,0.0,903.0
903,Chad Kuhl,0.0,904.0,0.0,904.0
904,Tucupita Marcano,0.0,905.0,0.0,905.0
905,Duane Underwood,0.0,906.0,0.0,906.0
906,JJ Matijevic,0.0,907.0,0.0,907.0
907,Nomar Mazara,0.0,908.0,0.0,908.0
908,Luis Medina,0.0,909.0,0.0,909.0
909,Caleb Ferguson,0.0,910.0,0.0,910.0
910,Chris Archer,0.0,911.0,0.0,911.0
911,Danny Duffy,0.0,912.0,0.0,912.0
912,Zach Thompson,0.0,913.0,0.0,913.0
913,Connor Seabold,0.0,914.0,0.0,914.0
914,Zack Collins,0.0,915.0,0.0,915.0
915,,0.0,,0.0,
